Date,Name,Year,Letterboxd URI,Rating,Rewatch,Review,Tags,Watched Date
2020-02-10,Jesus Camp,2006,https://boxd.it/YXcTb,3,Yes,Is this a comedy?,,2020-02-09
2020-02-27,John Mulaney & The Sack Lunch Bunch,2019,https://boxd.it/10t8lH,2,,Would be much better if they decided to make either adult humor or kid humor - the teetering if this really kills any possible great jokes,,2020-02-26
2020-11-27,Megan Is Missing,2011,https://boxd.it/1tNrXh,0.5,,Hilariously bad,,2020-11-26
2021-07-17,Escape Room: Tournament of Champions,2021,https://boxd.it/1ZYn0Z,1,,Hot garbage. Pay attention to the ADR in this - some of the worst I've ever seen.,,2021-07-16
2021-07-24,Old,2021,https://boxd.it/2125UR,3,,"Old had the potential to be a really interesting film exploring the nature of time and the thought of it slipping through your fingers, shoutout to Synecdoche, New York, but drops all of this when it comes to its themes by the third act. While independently the writing of these two sections were interesting and fun to watch, the tonal shift from mystery to thriller feels abrupt, almost as if the film deviated from the source material suddenly. I wouldn‚Äôt know as I hadn‚Äôt seen the graphic novel, but it definitely feels that way.

The best part of the film was easily the camerawork. While it is clear that many of the tracking shots were done with the explicit purpose of not showing graphic shots (keeping a pg13 rating), it is very fun to see the camera used in this way. There are two notable examples where the camera is used to show the perspective of two aging characters and their loss of senses, which I found very enjoyable filmmaking. Shoutout to Mike Gioulakis for this part, who also did the camerawork for ‚ÄúUs‚Äù and ‚ÄúIt Follows‚Äù

The casting of this film was really interesting actually - several characters have multiple versions playing them between makeup adjustments, one of the characters getting four different actors portraying them. Of course the changes were rather jarring and the child actors were less than competent (especially Kailen Jude), but given the need to have several actors play a single character, it was well done for what they could do. The acting, of course, was the weakest part of the film.

The thrills that aren‚Äôt coming from the concept alone were very tame during the first two acts. When the third act is in gear however, they are in full effect and are interesting in concept but a little underwhelming given the circumstances. There is a scene of body horror that excels in its spooks, and inventive usage of the world‚Äôs rules, which was my highlight of the experience.

Overall the film wasn‚Äôt terrible, but it wasn‚Äôt anything great. The first half is a spooky exploration of time, done better in Synecdoche, New York. The second half is a thrilling set of scenes with the time rules used to their potential, done more enjoyably in Triangle. 6/10, closer to a 5 than a 7.",saw in theatres,2021-07-23
2021-07-25,Fruits Basket,2001,https://boxd.it/21bB71,2,,Momiji holds the line from this being a 3/10,,2021-07-24
2021-07-25,Dear Zachary: A Letter to a Son About His Father,2008,https://boxd.it/21gilD,4.5,,First movie I‚Äôve cried at in a long time. I need to wipe up my face now,,2021-07-25
2021-08-02,The Green Knight,2021,https://boxd.it/22pLXX,4,,My dumbass thought it ripped off that adventure Time episode but actually they ripped off this movie plot twist,saw in theatres,2021-08-01
2021-08-10,Jungle Cruise,2021,https://boxd.it/23BLUn,2.5,,Not a single animal in this movie was real,saw in theatres,2021-08-09
2021-08-16,Free Guy,2021,https://boxd.it/24t3kD,1.5,,"I know I‚Äôm being a nitpicky ass with this one but god I cared so little for any relationship in this film

Taika still slaps though love ya",saw in theatres,2021-08-15
2021-08-18,Respect,2021,https://boxd.it/24KK4n,2,,Hilarious that they think the windows movie maker old camera filter passes for a 60‚Äôs camera,saw in theatres,2021-08-17
2021-08-31,Kung Fu Panda 3,2016,https://boxd.it/26C7pN,3,,We get it pandas bounce how shut up,,2021-08-30
2021-08-31,White Fang,2018,https://boxd.it/26D5ov,2.5,,"As soon as Radisha Jones entered the movie everything fell apart. Nothing aginst her or her performance, but the directing, animation, writing, and pacing all went to shit as soon as we reached that point in the movie. Really dissapointing, as I love to see new art styles explored in animation.",,2021-08-31
2021-09-01,Ponyo,2008,https://boxd.it/26LTiX,3.5,,Chaotic child inspires both windwaker and Majora's mask in one fell swoop,,2021-09-01
2021-09-03,A Whisker Away,2020,https://boxd.it/270ZuP,2,,"In this movie a young girl uses magic to make literally everyone around her miserable because of an obsession over a boy. The entire second act was one ""what the fuck"" after the other.",,2021-09-03
2021-09-06,Wish Dragon,2021,https://boxd.it/27n0Sx,3,,Doesn't even fucking consider wishing for world peace or something beneficial to society how is everyone in wish movies so dumb Jesus fucking christ,,2021-09-05
2021-09-07,It Follows,2014,https://boxd.it/27EBID,3.5,,Holy shit Kevin from the Fred series got laid,,2021-09-07
2021-09-12,He's All That,2021,https://boxd.it/28iEqR,1,,Take a shot everytime they namedrop a brand,,
2021-09-14,Jesus Camp,2006,https://boxd.it/28BXG3,3.5,Yes,Much more of a punch second time watching this. I would love to see a follow up to this.,,2021-09-14
2021-09-14,Isle of Dogs,2018,https://boxd.it/28Crjj,4,,Let chief say fuck,,2021-09-14
2021-09-19,Fight Club,1999,https://boxd.it/299E8T,3.5,,just the boys prankin society,,
2021-09-23,The Empty Man,2020,https://boxd.it/29JkT3,2,,Holy shit the dad is Sikowitz from Victorious,,2021-09-22
2021-09-24,Cinderella,2021,https://boxd.it/29Rlgx,1.5,,The real villain in this movie was the patriarchy,,
2021-09-29,You Should Have Left,2020,https://boxd.it/2ayFk1,2,,The best parts of this film were ripped directly from house of leaves,,2021-09-29
2021-10-01,Super Mario Bros.,1993,https://boxd.it/2aMK91,1.5,,Holy shit bowser really 9/11‚Äôd them,,2021-09-30
2021-10-03,Hellraiser,1987,https://boxd.it/2b7mW1,3,,rubix cube brings bdsm gods,,2021-10-02
2021-10-05,Pi,1998,https://boxd.it/2bt83Z,3.5,,This is one of those movies I can only understand after a 2 hour video essay,,
2021-10-08,Spy Kids 2: The Island of Lost Dreams,2002,https://boxd.it/2bR9FX,2,,"In this movie, a child fights a teenager as they both ride a spider monkey hybrid and snake lizard hybrid. The cloud of stop motion skeletons acts in surprise ¬†when the big sister steps in and says that the teen is full of shiitake mushrooms.",,2021-10-07
2021-10-10,Redline,2009,https://boxd.it/2ca8R7,2.5,,"If you want to watch every movie at once, watch this movie",,
2021-10-11,Spider-Man,2002,https://boxd.it/2clR2l,3,,Spider-Man's got an ass,,
2021-10-13,Triangle,2009,https://boxd.it/2cGDFF,2,,#JustMomProblems,,2021-10-13
2021-10-17,Tom and Jerry: The Fast and the Furry,2005,https://boxd.it/2dhCYF,,,Tom murders millions by cutting off a piece of Australia,,2021-10-17
2021-10-20,Phir Hera Pheri,2006,https://boxd.it/2dKPqz,2,,Why does every Bollywood movie I'm reccomended have clowns,,2021-10-20
2021-11-06,Inglourious Basterds,2009,https://boxd.it/2gs1ST,3.5,,Who the fuck cast bj novak,,2021-11-06
2021-11-09,A Cinderella Story,2004,https://boxd.it/2gXcbD,1.5,,If all the grass is brown because of the water shortage then how does the school have green grass checkmate NASA,,
2021-11-12,Shang-Chi and the Legend of the Ten Rings,2021,https://boxd.it/2hkSol,3,,Bus Scene Best Scene,,
2021-11-12,Eternals,2021,https://boxd.it/2hn2Fb,1.5,,The best character was the gay one who‚Äôs scenes could‚Äôve been easily cut out for China,saw in theatres,2021-11-12
2021-11-13,Last Night in Soho,2021,https://boxd.it/2hvqrX,2.5,,Very high highs and very low lows,saw in theatres,2021-11-12
2021-11-15,Clifford the Big Red Dog,2021,https://boxd.it/2hP5dv,1,,Young girl‚Äôs love prevents the cure for world hunger and a responsible habitat for a dog on two separate occasions,saw in theatres,2021-11-14
2021-11-16,Venom,2018,https://boxd.it/2i3xrj,1.5,,Infinite venom sequels!! Venom forever!!,,2021-11-15
2021-11-16,Venom: Let There Be Carnage,2021,https://boxd.it/2i5uq7,1.5,,Why is this movie so horny,saw in theatres,2021-11-16
2021-11-17,Home Alone,1990,https://boxd.it/2iesFx,4,,Pre 9/11 airports were just like that huh,,2021-11-17
2021-11-19,Ghostbusters: Afterlife,2021,https://boxd.it/2ivbHb,2,,Okay but could you not play the quirky ghostbuster song during the height of conflict,saw in theatres,2021-11-19
2021-11-19,Home Alone 3,1997,https://boxd.it/2ivJVB,1,,Scarlet Johansson needs to reconsider her roles,,2021-11-19
2021-11-20,Home Alone 2: Lost in New York,1992,https://boxd.it/2iE0BJ,3.5,,"You know how Super Mario Galaxy 2 was just the first game again with everything improved sans the emotional beats?

Yeah that",,2021-11-20
2021-11-21,King Richard,2021,https://boxd.it/2iNY7H,3,,"Richard Williams plans shit like he‚Äôs a death note character¬†

Really seems like Will Smith desperately wants that Oscar despite not being anywhere as charismatic as he thinks he is",saw in theatres,2021-11-21
2021-11-22,No Time to Die,2021,https://boxd.it/2iZ2an,2.5,,The guy next to me literally fell asleep,saw in theatres,2021-11-21
2021-11-23,Robots,2005,https://boxd.it/2j8B5v,2,,Bigweld canonically fucks,,2021-11-23
2021-11-23,Anomalisa,2015,https://boxd.it/2j9cNz,4.5,,I was wondering why Charlie Kaufmann choose to make this movie animated till I saw Tom Nooman's character credit. I'll definitely have to watch an analysis of this bad boy after a second watch.,,
2021-11-24,Encanto,2021,https://boxd.it/2jeg0r,3,,They pussied out in the ending because they made the house a character,saw in theatres,2021-11-23
2021-11-24,Far from the Tree,2021,https://boxd.it/2jepXR,3.5,,Raccoons have little hands :),,2021-11-23
2021-11-24,Resident Evil: Welcome to Raccoon City,2021,https://boxd.it/2jggfP,1,,This movie had a nickel for its cg budget,saw in theatres,2021-11-24
2021-11-26,Free Birds,2013,https://boxd.it/2js0ut,1,,"The protagonists are saved by, I shit you not, Chuck E. Cheese pizza",,2021-11-25
2021-11-27,21 Jump Street,2012,https://boxd.it/2jHUqx,3,,Shoulda jumped more,,2021-11-27
2021-11-28,Klaus,2019,https://boxd.it/2jMaev,4,Yes,Little girls speaking foreign languages are my kryptonite,,2021-11-27
2021-11-28,Elf,2003,https://boxd.it/2jPzK3,3.5,,0/10 Walter never wears the bra,,2021-11-27
2021-12-01,I'm Thinking of Ending Things,2020,https://boxd.it/2kei11,5,Yes,Toni Collette might just be the most terrifying actress - I love her so much,,2021-11-30
2021-12-02,A Cinderella Christmas,2016,https://boxd.it/2koISv,1,,"Himbo engages two different women, marries one of them, all in six days of meeting both of them",,2021-12-01
2021-12-03,The Atheist Delusion,2016,https://boxd.it/2kvBlD,0.5,,Man with iPhone 6 interviews people who do not want to be there. Shoutout to all the people he definitely cut from this for arguing back better than these guys.,,
2021-12-03,Audacity,2015,https://boxd.it/2kvVub,0.5,,Homophobic Dhar Mann,,2021-12-11
2021-12-04,A Cinderella Story: Starstruck,2021,https://boxd.it/2kJ0gT,1.5,,Trans Incest Cinderella: Directed by Lil Nas X,,2021-12-03
2021-12-06,Home Alone 4,2002,https://boxd.it/2l0IBv,1,,Who would‚Äôve thought that the McCalisters would get divorced,,2021-12-05
2021-12-07,Diary of a Wimpy Kid,2021,https://boxd.it/2lexXt,0.5,,Diary of a fucking sociopath,,
2021-12-08,Ella Enchanted,2004,https://boxd.it/2ljVtH,2,,So we‚Äôre just gonna ignore the implications of this curse? Okay,,2021-12-07
2021-12-09,Be Somebody,2021,https://boxd.it/2lu0wL,2.5,,"Hey China, you know knives out has a dub right?",saw in theatres,2021-12-08
2021-12-09,C'mon C'mon,2021,https://boxd.it/2luZJr,4,,They left the fuckin mic in the shot 0/10,,2021-12-09
2021-12-10,Pokemon Rusty: The Complete Journey,2017,https://boxd.it/2lxx4h,3,,"Finally, a realistic Pokemon movie",,
2021-12-10,Perfect Blue,1997,https://boxd.it/2lD4Nz,4.5,,"I mean obviously this is a fantastic movie but I among us has really ruined the word ""impostor"" for me",,
2021-12-11,Beerfest,2006,https://boxd.it/2lHiHD,1.5,,"Filing this under ""movies my frat president brother would like""",,
2021-12-12,City of Ember,2008,https://boxd.it/2lQqJF,2,,If the builders are so smart why didn't they just program a door to open after 200 years,,2021-12-11
2021-12-12,In the Heights,2021,https://boxd.it/2lXFy7,3.5,,Wait was Lin Manuel Miranda's character in the live show or was this character written just so he could put himself in it,,2021-12-12
2021-12-13,Be Somebody,2021,https://boxd.it/2m44Lx,2.5,Yes,"I only really saw how bad the tonal changes were on a second watch

Still fun though",,2021-12-12
2021-12-14,Rags,2012,https://boxd.it/2mfbXx,2,,Drake Campana played himself,,2021-12-13
2021-12-17,Spider-Man: No Way Home,2021,https://boxd.it/2mFzm3,3.5,,Would‚Äôve preferred a full spiderverse movie so the spideys could interact more with less of fluff but I enjoyed it. Works much better as a ‚Äúlore movie‚Äù than a mcu film. (5/10 without spiderman context),,2021-12-16
2021-12-20,Rudolph the Red-Nosed Reindeer,1964,https://boxd.it/2ngNtB,2.5,,Santa is a dick,,2021-12-19
2021-12-23,A Charlie Brown Christmas,1965,https://boxd.it/2nRhHb,3,,Charlie Brown has seasonal depression,,2021-12-22
2021-12-23,Santa Claus Is Comin' to Town,1970,https://boxd.it/2nRNwz,3,,This movie walked so Klaus could run,,2021-12-22
2021-12-24,Hawkeye,2021,https://boxd.it/2nW6tH,2,,She really just accepts that her mom was the bad guy all along huh,,2021-12-23
2021-12-24,A Boy and His Atom: The World's Smallest Movie,2013,https://boxd.it/2o3QAt,,,Win for cinematography,,2021-12-23
2021-12-24,The Happy Elf,2005,https://boxd.it/2o8ilp,2.5,,Vitamin D deficiency is a bitch,,2021-12-24
2021-12-25,National Lampoon's Christmas Vacation,1989,https://boxd.it/2ojbn1,3,,Every year my family watches this movie and we watch the dvd commentary and every year my family yells at me for pointing out the matte on the final Santa shot,,2021-12-24
2021-12-26,A Christmas Story,1983,https://boxd.it/2ox0LJ,3,,The definitive Christmas experience,,2021-12-25
2022-01-01,Star Wars,1977,https://boxd.it/2qbNbf,3.5,Yes,Synced it to blow up the death star at midnight - very good time,,2021-12-31
2022-01-02,The Matrix,1999,https://boxd.it/2qtIlF,4,Yes,Mister Anderson I hope we don‚Äôt get two bad sequels,,2022-01-01
2022-01-02,Don't Look Up,2021,https://boxd.it/2qy2NH,2,,"Had a better time sneaking onto the set. Poor satire.

(If you want a good film like this watch Sorry To Bother You)",,2022-01-01
2022-01-03,Hilda and the Mountain King,2021,https://boxd.it/2qTq9X,2.5,,Red eye of character development solves problems instantly.,,2022-01-03
2022-01-04,Kingsman: The Secret Service,2014,https://boxd.it/2r3pId,3.5,,Now the whole world knows what Boston sports fans feel,,2022-01-03
2022-01-04,The Campaign,2012,https://boxd.it/2r5E6R,1,,My parents made me watch this movie,,2022-01-03
2022-01-04,Marriage Story,2019,https://boxd.it/2r7vff,4.5,,Showed this to my parents - please don‚Äôt get a divorce.,,2022-01-03
2022-01-05,The Harder They Fall,2021,https://boxd.it/2rr3BH,3.5,,The third act makes me want an Edgar Wright western,,2022-01-05
2022-01-12,Kingsman: The Golden Circle,2017,https://boxd.it/2t8o6F,2,,I remember the first movie no need to remind me,,2022-01-11
2022-01-13,Diary of a Wimpy Kid: The Long Haul,2017,https://boxd.it/2toDaf,1,,They threw away the perfect casting from the first movie,,2022-01-12
2022-01-14,Sing,2016,https://boxd.it/2tvKxf,2,,A movie about singing with only one good performance,,2022-01-13
2022-01-14,"The Simpsons: The Good, the Bart, and the Loki",2021,https://boxd.it/2tAvzv,1,,Disney is going to kill the entertainment industry,,
2022-01-14,Belfast,2021,https://boxd.it/2tClXr,3.5,,Is there an Oscar for the most single shot monologues?,,2022-01-13
2022-01-14,After Last Season,2009,https://boxd.it/2tDPMv,1,,Five million dollar budget ladies and gentlemen,,2022-01-14
2022-01-16,Scream,1996,https://boxd.it/2uduEx,3.5,,If <i>Community</i>¬†had to make a real actual horror movie,,2022-01-07
2022-01-17,Scream 2,1997,https://boxd.it/2ur0xT,2.5,,C'mon Sidney you're smarter than this,,2022-01-16
2022-01-17,Scream 3,2000,https://boxd.it/2utw3P,2,,Being meta doesn't make your dumb parts make sense,,2022-01-16
2022-01-18,Scream 4,2011,https://boxd.it/2uGNgn,2.5,,This new ICarly season is wild,,2022-01-17
2022-01-19,Scream,2022,https://boxd.it/2uUNAZ,2.5,,Autofellatio: The Movie,saw in theatres,2022-01-18
2022-01-20,The Matrix Reloaded,2003,https://boxd.it/2v85aL,2,,The first act of this movie is way too horny,,2022-01-19
2022-01-21,The Matrix Revolutions,2003,https://boxd.it/2viC6x,1.5,,We all wish we could be Hugo Weaving,,2022-01-20
2022-01-22,The King's Man,2021,https://boxd.it/2vwm1z,2,,Just watch the fight scenes on YouTube,saw in theatres,2022-01-22
2022-01-23,Spencer,2021,https://boxd.it/2vCz9t,4,,My mom didn't like this cause she's a royalty simp,,2022-01-22
2022-01-23,Belle,2021,https://boxd.it/2vGBfr,1.5,,Metaverse Hannah Montana has such a nonsense third act,saw in theatres,2022-01-22
2022-01-23,The Matrix Resurrections,2021,https://boxd.it/2vJr8V,2,,Literally every theory made was better than the actual plot,,2022-01-22
2022-01-24,The 355,2022,https://boxd.it/2vYXdX,1.5,,Women good men bad never heard of nuance,saw in theatres,2022-01-23
2022-01-25,Smiling Friends,2020,https://boxd.it/2wetLd,3.5,,Changing the frame rate and art style as a punchline is the easiest way to make me laugh,,2022-01-25
2022-01-26,The Worst Person in the World,2021,https://boxd.it/2wpiTn,3.5,,There are many benefits to being aro ace,,2022-01-26
2022-01-27,Moonfall,2022,https://boxd.it/2wyu0n,1.5,,Olaf fights the moon,saw in theatres,2022-01-26
2022-01-28,I'm Your Man,2021,https://boxd.it/2wLZIL,3.5,,Propaganda to date Mark Zuckerberg,,2022-01-28
2022-01-30,Raya and the Last Dragon,2021,https://boxd.it/2x08fB,1.5,,The worst 2021 Disney Martial Arts starring Awkwafina,,2022-01-29
2022-01-30,Derren Brown: Pushed to the Edge,2016,https://boxd.it/2x6qAf,3,,Society,,2022-01-29
2022-01-30,2025: The World Enslaved by a Virus,2021,https://boxd.it/2x9zx1,0.5,,The biggest sin of this movie is being really boring,,2022-01-29
2022-01-30,Cryptoland,2021,https://boxd.it/2xaTPB,,,I am going to light myself on fire,,2022-01-30
2022-01-31,Middle School: The Worst Years of My Life,2016,https://boxd.it/2xq1Vx,1.5,,I hate how genuinely good this could‚Äôve been,,2022-01-31
2022-02-01,The Mitchells vs. The Machines,2021,https://boxd.it/2xr465,4,,I'd rather have robots than corona,,2022-01-31
2022-02-01,Nightmare Alley,2021,https://boxd.it/2xw6Wn,3.5,,If only this didn‚Äôt release the same day as Spider-Man,saw in theatres,2022-01-31
2022-02-02,Cloverfield,2008,https://boxd.it/2xLeYr,2.5,,Most interesting part of this movie was the slusho tshirt,,2022-02-02
2022-02-03,Doctor Who: The Curse of Fatal Death,1999,https://boxd.it/2xVv0N,3,,I‚Äôll explain my rating later,,2022-02-03
2022-02-03,But I'm a Cheerleader,1999,https://boxd.it/2xWpUH,2.5,,Gay horror starring prince Zuko,,2022-02-03
2022-02-04,Jackass Forever,2022,https://boxd.it/2y5ktp,3,,I‚Äôm glad they gave these twelve year olds a budget,saw in theatres,2022-02-04
2022-02-05,The Rescue,2021,https://boxd.it/2yhfTV,3.5,,I‚Äôm never going underground again,,2022-02-05
2022-02-06,The Host,2006,https://boxd.it/2ytYdf,3,,The real villain of this movie was unsafe sewer design,,2022-02-06
2022-02-07,Abraham Lincoln: Vampire Hunter,2012,https://boxd.it/2yEKfD,1.5,,This is a documentary,,2022-02-07
2022-02-07,Hugo,2011,https://boxd.it/2yIjY5,4,,It‚Äôs just nice yknow - Hats off to Asa Butterfield,,2022-02-07
2022-02-08,Among Us,2017,https://boxd.it/2yQdkp,1.5,,You ever see a movie just from of the title?,,2022-02-07
2022-02-09,Ghost in the Shell,1995,https://boxd.it/2yTRVh,3.5,,‚ÄúYou know who would be great in this? Scarlett Johansson‚Äù,,2022-02-08
2022-02-09,The French Dispatch,2021,https://boxd.it/2z1yeJ,3.5,,I need to read more,,2022-02-08
2022-02-11,Sing 2,2021,https://boxd.it/2zjqbN,1.5,,Lot more furry stuff in this one,saw in theatres,2022-02-10
2022-02-13,I'm Thinking of Ending Things,2020,https://boxd.it/2zBNFn,5,Yes,Should I be concerned that this is my comfort movie,,2022-02-12
2022-02-14,Tall Girl 2,2022,https://boxd.it/2zVoW9,1,,This movie has nothing to do with her being tall,,2022-02-13
2022-02-14,Licorice Pizza,2021,https://boxd.it/2zXKxp,3,,This fifteen year old definitely does cocaine,saw in theatres,2022-02-13
2022-02-15,Murder on the Orient Express,2017,https://boxd.it/2Aa8v7,2,,Smiling Friends did it better,,2022-02-15
2022-02-16,A Cuphead Cartoon,2017,,3.5,,The official cuphead show better be this good,,2022-02-16
2022-02-17,Spider-Man: No Way Home,2021,https://boxd.it/2AqUhf,3.5,Yes,We all owe Andrew Garfield an apology,,2022-02-16
2022-02-19,Marry Me,2022,https://boxd.it/2ALRmN,1.5,,Half this movie is Instagram live feed,saw in theatres,2022-02-18
2022-02-19,Werewolves Within,2021,https://boxd.it/2APbkt,2.5,,The real werewolf was society,,2022-02-18
2022-02-20,Death on the Nile,2022,https://boxd.it/2B1Hhv,2,,Gal Gadot‚Äôs best role is lying motionless,saw in theatres,2022-02-19
2022-02-21,The Lost Daughter,2021,https://boxd.it/2B7Yid,3,,Really weird American Girl Doll commercial,,2022-02-20
2022-02-22,Uncharted,2022,https://boxd.it/2Bs939,2,,Should‚Äôve been Nathan Fillian,saw in theatres,2022-02-21
2022-02-23,Space Chimps,2008,https://boxd.it/2BEBG3,1.5,,You ever just write stuff to hit the word count,,2022-02-23
2022-02-24,The Cursed,2021,https://boxd.it/2BOhbz,1.5,,Somebody just had a few¬†1800 sets lying around,saw in theatres,2022-02-23
2022-02-25,The Power of the Dog,2021,https://boxd.it/2BXygf,3.5,Yes,Love story between an edgelord cowboy and his psycopathic nephew,,2022-02-25
2022-02-26,Space Chimps 2: Zartog Strikes Back,2010,https://boxd.it/2C6lcR,0.5,,This is the closest I've ever gotten to doing drugs,,2022-03-12
2022-02-26,Flee,2021,https://boxd.it/2C8exH,3,,Take notes animatic youtubers,,2022-02-26
2022-02-27,Dog,2022,https://boxd.it/2CfUfp,2.5,,Channing Tatum was the dog the whole time,saw in theatres,2022-02-26
2022-02-28,Studio 666,2022,https://boxd.it/2CtPgv,2,,I hope the foo fighters at least have fun,,2022-02-27
2022-03-03,"Goodbye, Dragon Inn",2003,https://boxd.it/2CU3aj,2,,Wow! Sure wish something happened!,saw in theatres,2022-03-02
2022-03-03,Coming to America,1988,https://boxd.it/2CYIgb,2.5,,Remember when movies just had songs about their plots,,2022-03-03
2022-03-04,The Batman,2022,https://boxd.it/2D7vsV,3.5,,Every DC movie not in the DCEU really slaps huh,saw in theatres,2022-03-03
2022-03-05,Coming 2 America,2021,https://boxd.it/2DjUiZ,1,,Leslie Jones rapes Eddie Murphy and nobody addresses it,,2022-03-04
2022-03-07,Your Name.,2016,https://boxd.it/2DNkHp,2.5,,We did it! We saved the town by using terrorism!,,2022-03-06
2022-03-07,Hancock,2008,https://boxd.it/2DOsnT,1.5,,Produced by Will ‚ÄúI want to be a superhero‚Äù Smith,,2022-03-07
2022-03-08,"tick, tick...BOOM!",2021,https://boxd.it/2DZBAp,3.5,,It‚Äôs funny cause he could barely pay his _rent_,,2022-03-08
2022-03-09,The Raid,2011,https://boxd.it/2E9Qg5,3,,This was fun,,2022-03-09
2022-03-11,Attica,2021,https://boxd.it/2EltcX,3,,Holy hell - Pretty mediocre throughout but what an ending,,2022-03-09
2022-03-11,Affairs of the Art,2021,https://boxd.it/2EnbAB,3,,"It's so nice to see styles of animation like this

but also what on earth did I just watch",,
2022-03-11,Radhe Shyam,2022,https://boxd.it/2EqEf9,1.5,,This movie cranks every dial up to eleven,saw in theatres,2022-03-10
2022-03-12,The Sorcerer's Apprentice,2010,https://boxd.it/2EuKy5,1.5,,Horny bards? More like horny sorcerers!,,2022-03-12
2022-03-12,Turning Red,2022,https://boxd.it/2ED4WH,2.5,,Mai is a furry this movie is a metaphor,,2022-03-11
2022-03-13,Four Good Days,2020,https://boxd.it/2ERPYX,2.5,,Okay but did everyone have to be this dumb,,2022-03-12
2022-03-14,Harry Potter and the Philosopher's Stone,2001,https://boxd.it/2Fa4BP,3,,Harry Potter and The School of Unimaginable Safety Issues,,2022-03-14
2022-03-15,Parallel Mothers,2021,https://boxd.it/2Fkv6z,2.5,,Girlbossing sugar mommy gatekeeps maternity,,2022-03-15
2022-03-15,Harry Potter and the Chamber of Secrets,2002,https://boxd.it/2Flv4v,2.5,,Harry Potter and the Society of Racist Wizards and Slavery,,2022-03-15
2022-03-17,Love on a Leash,2011,https://boxd.it/2FENRN,1,,"Starting Alvin Flang, voiced by Gustavo from Big Time Rush",,2022-03-17
2022-03-19,Harry Potter and the Prisoner of Azkaban,2004,https://boxd.it/2FQP5P,3.5,,Harry Potter and the overpowered macguffin (best movie in series),,2022-03-18
2022-03-20,X,2022,https://boxd.it/2GaPav,2.5,,Hot grannies in your area come to ruin your porno,saw in theatres,2022-03-19
2022-03-21,The Eyes of Tammy Faye,2021,https://boxd.it/2Gq42L,3.5,,Hallelujah amen,,2022-03-20
2022-03-22,CODA,2021,https://boxd.it/2GzBGH,3.5,,Apple really wants us to believe they're a streaming service,,2022-03-12
2022-03-23,42,2013,https://boxd.it/2GOc6J,2.5,,The 41 prequels were better,,2022-03-23
2022-03-24,West Side Story,2021,https://boxd.it/2GVFT5,3.5,,I don't even like the original and this still slapped,saw in theatres,2022-03-23
2022-03-24,Drive My Car,2021,https://boxd.it/2GY4cJ,3,,It takes an hour to get to the opening credits,saw in theatres,2022-03-23
2022-03-27,Luca,2021,https://boxd.it/2HoJLn,2.5,,There is no heterosexual explanation for this,,2022-03-26
2022-03-27,The Tragedy of Macbeth,2021,https://boxd.it/2HxblD,3,,Somebody had a short render distance,,2022-03-27
2022-03-28,The Hand of God,2021,https://boxd.it/2HCM6l,3,,Italian Timoth√©e Chalamet does not disappoint,,2022-03-27
2022-03-30,The Lost City,2022,https://boxd.it/2HZT1j,2,,This movie could have been solved by an email,saw in theatres,2022-03-29
2022-03-31,Girl 27,2007,https://boxd.it/2Idaxd,3.5,,Required viewing for anyone who works in film,,2022-03-31
2022-04-01,Morbius,2022,https://boxd.it/2IlnXp,1,,Morbius wins by *checks notes* batbending?,saw in theatres,2022-03-31
2022-04-05,Everything Everywhere All at Once,2022,https://boxd.it/2J5z23,4,,There‚Äôs a multiverse where this movie is garbage,saw in theatres,2022-04-04
2022-04-07,Sonic the Hedgehog,2020,https://boxd.it/2JtcPp,2.5,,Gotta reanimate fast!,,2022-04-07
2022-04-08,Sonic the Hedgehog 2,2022,https://boxd.it/2Jzvbv,2.5,,Just skip every scene in Hawaii and it's good,saw in theatres,2022-04-07
2022-04-09,Dave Made a Maze,2017,https://boxd.it/2JOcXF,3.5,,I'm just glad the production designers had fun,,2022-04-12
2022-04-11,Ambulance,2022,https://boxd.it/2KbnN3,2.5,,Micheal Bay and his Drone Camera: A love story,saw in theatres,2022-04-11
2022-04-12,The Adam Project,2022,https://boxd.it/2KnywL,2.5,,Let the kid swear,,2022-04-12
2022-04-14,The Fairly OddParents: Wishology,2009,https://boxd.it/2KCkDj,1.5,,Timmy chooses not to make his loved ones lives better,,2022-04-13
2022-04-18,Phineas and Ferb: The Movie: Candace Against the Universe,2020,https://boxd.it/2LpuwP,2.5,,Wasn‚Äôt this the same plot as a season one episode,,2022-04-17
2022-04-20,Everything Everywhere All at Once,2022,https://boxd.it/2LP5kh,4.5,Yes,Required second viewing this movie is so good,saw in theatres,2022-04-19
2022-04-22,The Unbearable Weight of Massive Talent,2022,https://boxd.it/2M84pX,3,,So like was this an adaptation reference or,saw in theatres,2022-04-21
2022-04-23,The Northman,2022,https://boxd.it/2MiKGV,4,,Smh they didn't even have horns,saw in theatres,2022-04-22
2022-04-24,The Bad Guys,2022,https://boxd.it/2MueKb,3,,I'm so glad stylized 3D is becoming standard,saw in theatres,2022-04-23
2022-04-25,Father Stu,2022,https://boxd.it/2MKCR3,2.5,,You ever change religious to get with a girl,saw in theatres,2022-04-25
2022-04-26,Fantastic Beasts and Where to Find Them,2016,https://boxd.it/2MVnRz,2.5,,Should've been a documentary like originally planned,,2022-04-26
2022-04-27,Fantastic Beasts: The Crimes of Grindelwald,2018,https://boxd.it/2N3AyB,1.5,,Grindelwald wants to stop the holocaust with his time vape,,2022-04-27
2022-04-27,Fantastic Beasts: The Secrets of Dumbledore,2022,https://boxd.it/2N5H0l,1.5,,Fantastic Beasts: The Secrets of Dumb,saw in theatres,2022-04-27
2022-04-30,The Batman,2022,https://boxd.it/2Nx3kr,4,Yes,The riddler commits a gamer moment,,2022-04-29
2022-05-01,Fantastic Beasts: The Crimes of Grindelwald,2018,https://boxd.it/2NIOmh,1.5,Yes,Uuughhhh,,2022-04-30
2022-05-04,Moon Knight,2022,https://boxd.it/2Oj2NX,3,,Just how many religions in the MCU are real,,2022-05-04
2022-05-05,Doctor Strange,2016,https://boxd.it/2OjWI5,2.5,Yes,Computer graphics sicko mode,,2022-05-04
2022-05-05,The Wizard of Oz,1939,https://boxd.it/2OpfRv,4,Yes,"Finally, a movie where Kansas is the villain",,2022-05-04
2022-05-06,The Evil Dead,1981,https://boxd.it/2OvIT3,3.5,,The third act of this goes HARD,,2022-05-05
2022-05-06,Doctor Strange in the Multiverse of Madness,2022,https://boxd.it/2OxqJD,3,,"I‚Äôm so glad Sam Raimi gave this movie some balls

This was real fun and Im so glad we get to see the crazy set of characters in the Illuminati just for them to all die - while I had some issues with the kid acting and the plot but the directing is really what brought this together. I‚Äôm so glad marvel is letting directors do their own stuff with the characters. This movie has a BODY COUNT lmao",saw in theatres,2022-05-05
2022-05-08,Akira,1988,https://boxd.it/2OX433,4.5,,Zombie Baby Professor X,,2022-05-08
2022-05-10,They Live,1988,https://boxd.it/2PmIwz,3,,He immediately turned to murder huh,,2022-05-09
2022-05-11,Kiki's Delivery Service,1989,https://boxd.it/2Pvx6t,3.5,,I would die for jiji,,2022-05-10
2022-05-17,Look Who's Back,2015,https://boxd.it/2QzjtP,2.5,,Hitler on the internet?? How wacky!!!,,2022-05-17
2022-05-17,Cats & Dogs,2001,https://boxd.it/2QAIEv,1.5,,Biological Warfare,,2022-05-17
2022-05-21,Cats & Dogs: The Revenge of Kitty Galore,2010,https://boxd.it/2RccKd,1.5,,Racism,,2022-05-20
2022-05-21,Cats & Dogs 3: Paws Unite,2020,https://boxd.it/2ReWpp,1,,Juvenoia,,2022-05-20
2022-05-22,Chip 'n Dale: Rescue Rangers,2022,https://boxd.it/2RpYSF,2.5,,"I miss genuine 2D animation, not 3D pretending it is",,2022-05-21
2022-05-22,Who Framed Roger Rabbit,1988,https://boxd.it/2Rvu9x,4,,Mom! Look! A Mickey character said Damn!,,2022-05-22
2022-05-23,Primer,2004,https://boxd.it/2RJbUH,4,,What if we kissed... In the box... üëâüëà,,2022-05-22
2022-05-24,The Terminator,1984,https://boxd.it/2RTotp,3,,üëè More üëè Stop üëè Motion üëè Villians üëè,,2022-05-23
2022-05-25,Everything Everywhere All at Once,2022,https://boxd.it/2S52Xr,4.5,Yes,Best multiverse movie this year suck it Doctor Strange,,2022-05-24
2022-05-27,Terminator 2: Judgment Day,1991,https://boxd.it/2SkP4P,3.5,,This movie is so rad just skip the first,,2022-05-26
2022-05-28,Batman Begins,2005,https://boxd.it/2SyL87,3,,‚ÄúI don‚Äôt kill‚Äù *proceeds to blow up dozens of people*,,2022-05-27
2022-05-31,"Good Morning, Vietnam",1987,https://boxd.it/2T6eKZ,3,,Robin Williams rolled a nat 20 for charisma,,2022-05-30
2022-05-31,Condorman,1981,https://boxd.it/2T8b0N,2.5,,Kevin Feige eat your heart out,,2022-05-31
2022-06-01,Astro Boy,2009,https://boxd.it/2TgcmL,1.5,,You ever fail on every good concept you‚Äôre given,,2022-05-31
2022-06-01,The Incredible Hulk,2008,https://boxd.it/2ThNQ1,2,,Homie created a city-destroying monster cause it sounded cool,,2022-06-01
2022-06-02,The Lobster,2015,https://boxd.it/2Tsqbh,4.5,,This is a horror movie do not tell me otherwise,,2022-06-02
2022-06-03,Loving Vincent,2017,https://boxd.it/2TAIyp,3,,Who thought this should be a murder mystery,,2022-06-03
2022-06-04,Fargo,1996,https://boxd.it/2TML9L,3.5,,This is peak Minnesota,,2022-06-04
2022-06-05,Minecraft,,https://boxd.it/2TXKTv,5,,Minecraft,,2022-06-05
2022-06-06,Return to Oz,1985,https://boxd.it/2U12TJ,2,,Everything you love from the original movie has been MURDERED,,2022-06-05
2022-06-07,Speed,1994,https://boxd.it/2UmcGH,3,,Imagine riding the bus,,2022-06-07
2022-06-08,Men,2022,https://boxd.it/2Urw7x,3.5,,This is pretty spoo- oh my god OH MY GOD,saw in theatres,2022-06-07
2022-06-08,Crimes of the Future,2022,https://boxd.it/2UtnaV,3,,"Ever hear the phrase ""gore porn""?",saw in theatres,2022-06-07
2022-06-09,Inkheart,2008,https://boxd.it/2UHm0j,2,,Sponsored by Audible,,2022-06-09
2022-06-10,Downton Abbey: A New Era,2022,https://boxd.it/2UMouv,2.5,,I can‚Äôt say I fit the 60 year old demographic,saw in theatres,2022-06-09
2022-06-10,The Bob's Burgers Movie,2022,https://boxd.it/2UNGYb,3,,I should probably actually watch the show,saw in theatres,2022-06-09
2022-06-11,Surf's Up,2007,https://boxd.it/2V0ZQr,3,,This is the most realistic 17 year old in cinema,,2022-06-11
2022-06-12,The Simpsons: When Billie Met Lisa,2022,https://boxd.it/2VdEOF,1,,stop,,
2022-06-12,Rise of the Guardians,2012,https://boxd.it/2VerAR,2,,We all had a crush on one of these characters,,2022-06-12
2022-06-13,Ms. Marvel,2022,https://boxd.it/2VkU0F,3,,"Great directing, still iffy on the computer effects",,2022-06-12
2022-06-13,Coneheads,1993,https://boxd.it/2VnLfd,1.5,,Is Dan Ackroyd okay,,2022-06-12
2022-06-14,Jurassic Park,1993,https://boxd.it/2VAQbr,3.5,,Have you not considered making exclusively herbivores,,2022-06-13
2022-06-15,The Lost World: Jurassic Park,1997,https://boxd.it/2VJQ5B,2,,The Tyrannosaurus Rex got LAID,,2022-06-14
2022-06-15,Jurassic Park III,2001,https://boxd.it/2VKDVr,2,,Oh no the *definitely real* dinosaurs are gonna eat me,,2022-06-14
2022-06-15,Animal Crossing: The Movie,2006,https://boxd.it/2VLRID,2.5,,"Did I miss the alien storyline in the games?

(Watched a Fandub from a friend - still think #subsnotdubs)",,2022-06-15
2022-06-16,Jurassic World,2015,https://boxd.it/2VUDed,2.5,,YOU MADE ANOTHER ONE,,2022-06-15
2022-06-17,Jurassic World: Fallen Kingdom,2018,https://boxd.it/2W39pj,1,,THE DINOSAUR SMILED AND WINKED TO THE CAMERA,,2022-06-16
2022-06-17,Philadelphia,1993,https://boxd.it/2W4OC1,3.5,,The mom from Elf is a confirmed homophobe,,2022-06-16
2022-06-19,Donnie Darko,2001,https://boxd.it/2WvKAf,3.5,,Greg Heffley did not handle middle school well,,2022-06-19
2022-06-20,The Mist,2007,https://boxd.it/2WKigL,3.5,,The darkest movie to be shot like <i>The Office</i>,,2022-06-20
2022-06-21,The Fog,1980,https://boxd.it/2WV9NX,2.5,,Guys watch out the fog is hacking the mainframe!!,,2022-06-21
2022-06-22,We're the Millers,2013,https://boxd.it/2X60BP,2,,Imagine being a drug lord with a single body guard,,2022-06-22
2022-06-23,Limitless,2011,https://boxd.it/2XgfBb,2.5,,Man takes addreall one time,,2022-06-22
2022-06-24,Jurassic World Dominion,2022,https://boxd.it/2XqANx,2,,This series is one good movie then five bad sequels,saw in theatres,2022-06-23
2022-06-24,Are You Happy Now,2021,https://boxd.it/2Xud8z,2,,Josh Ruben‚Äôs endless charisma can‚Äôt save this one,,2022-06-24
2022-06-27,R.I.P.D.,2013,https://boxd.it/2XZ0Zx,1.5,,R.I.P.Deez nuts lmao,,2022-06-26
2022-06-27,Bridesmaids,2011,https://boxd.it/2Y4GRF,1.5,,Every scene is three minutes too long,,2022-06-27
2022-06-28,Lightyear,2022,https://boxd.it/2Y8bGT,3,,Sox is better than baymax <i>fight me</i>,,2022-06-27
2022-06-28,The Black Phone,2021,https://boxd.it/2Yb2fZ,3,,Really pleasantly surpriring if you're not annoyed by jumpscares,,2022-06-27
2022-06-30,The Hitchhiker's Guide to the Galaxy,2005,https://boxd.it/2YBfGB,2.5,,I knew those dolphins were up to something,,2022-06-29
2022-06-30,Next Gen,2018,https://boxd.it/2YBggf,3,,Buddy robot movie but the main child is a sociopath,,2022-06-30
2022-07-02,Words Bubble Up Like Soda Pop,2020,https://boxd.it/2YULwB,2.5,,Hey girl lemme see your dental records,,2022-07-01
2022-07-03,Scott Pilgrim vs. the World,2010,https://boxd.it/2Z6Zkj,4.5,,Obligatory watch as I visit Canada,,2022-07-03
2022-07-04,A Silent Voice,2016,https://boxd.it/2Zj7ch,3.5,,Genuine fully-animated sign language in a really sweet story!,,2022-07-03
2022-07-05,Enchanted,2007,https://boxd.it/2ZvO6P,1.5,,This is just <i>Elf</i>¬†for Disney adults with no taste,,2022-07-04
2022-07-06,Minions: The Rise of Gru,2022,https://boxd.it/2ZCdCt,1,,I wish to gut each minion like a fish,saw in theatres,2022-07-05
2022-07-06,Elvis,2022,https://boxd.it/2ZFuUF,3.5,,FINALLY a biopic with some STYLE,saw in theatres,2022-07-05
2022-07-07,Miss Peregrine's Home for Peculiar Children,2016,https://boxd.it/2ZTFmH,2,Yes,Asa Butterfield was really good in <i>Hugo</i>¬†what happened,,2022-07-07
2022-07-09,Thor: Love and Thunder,2022,https://boxd.it/30h0h5,2,,I‚Äôll be honest I saw a cam rip of this one so I‚Äôm gonna rewatch it properly when I get the chance - I like a lot of the Jane stuff but a whole lot (especially the way they got to the ending which I liked) wasn‚Äôt handled the best,,2022-07-09
2022-07-11,YMS: Kimba the White Lion,2020,,3,,Dude! Pride Rock!,,2022-07-10
2022-07-11,Earn $20K EVERY MONTH by being your own boss,2020,https://boxd.it/30I1kD,4,,Dorian smiles is a legend,,2022-07-10
2022-07-12,Thor,2011,https://boxd.it/30TVEL,2.5,,This movie hinges on Anthony Hopkins taking a nap,,2022-07-11
2022-07-12,Thor: The Dark World,2013,https://boxd.it/30Voxh,2,,Anthony Hopkins is more like-able when he‚Äôs asleep,,2022-07-12
2022-07-13,The Devil Wears Prada,2006,https://boxd.it/317bat,3.5,,This is <i>Whiplash</i>¬†for bossbabes,,2022-07-13
2022-07-14,Ms. Marvel,2022,https://boxd.it/31c4UT,3,,"Biggest issue with this is that it‚Äôs not at all grounded - the first and second episodes were the best cause they felt like a real teen story but then oh damn we gotta stop yet another dimension from killing the universe¬†

Presentation is fantastic though",,2022-07-13
2022-07-14,Whiplash,2014,https://boxd.it/31jAoz,4.5,,This is just <i>The Devil Wears Prada</i>¬†for sigma males,,2022-07-14
2022-07-16,Galaxy Quest,1999,https://boxd.it/31Cqjn,2,,Maybe those Thermians deserved to die,,2022-07-15
2022-07-17,Red Notice,2021,https://boxd.it/31U405,1.5,,Gal Gadot's acting ability is as thin as this plot,,2022-07-17
2022-07-20,Boss Level,2021,https://boxd.it/32x99z,2.5,,This is the closest I‚Äôm getting to a speedrunning movie,,2022-07-20
2022-07-21,War Dogs,2016,https://boxd.it/32ILxV,3,,20's goals,,2022-07-21
2022-07-21,The Terminal,2004,https://boxd.it/32JoCl,2.5,,Tom Hanks is incredibly huggable,,2022-07-21
2022-07-22,Anchorman: The Legend of Ron Burgundy,2004,https://boxd.it/32Tus7,2.5,,I'd rather just watch the news,,2022-07-22
2022-07-22,The Incredible Burt Wonderstone,2013,https://boxd.it/32UiNf,1.5,,How many times do we need to learn magicians suck,,2022-07-22
2022-07-23,Horrible Bosses,2011,https://boxd.it/336tCV,2,,Assault is funny when it's done to a guy!!!!!!!!!!! Hahahahahahahahahahahaha,,2022-07-23
2022-07-25,The Nutty Professor,1996,https://boxd.it/33vsYL,1.5,,Horny fat guy catfishes girl with himself,,2022-07-24
2022-07-26,Nutty Professor II: The Klumps,2000,https://boxd.it/33ML5f,1,,This movie is 80% horny old people,,2022-07-26
2022-07-27,Cinderella Man,2005,https://boxd.it/33YB5D,2.5,,Every sport movie is the same I‚Äôm sorry dad,,2022-07-26
2022-07-29,Zoolander,2001,https://boxd.it/34AkPb,3,,Ben Stiller flexes every face muscle and it pays off,,2022-07-28
2022-07-29,Zoolander 2,2016,https://boxd.it/34GwcH,1,,Justin Bieber was the best actor in this whole movie,,2022-07-29
2022-07-30,Nope,2022,https://boxd.it/34NenB,4,,Jaws but like with clouds,saw in theatres,2022-07-29
2022-07-30,DC League of Super-Pets,2022,https://boxd.it/34OIMN,2,,Can‚Äôt wait for crypto in an *Injustice* situation,saw in theatres,2022-07-29
2022-08-01,Marcel the Shell with Shoes On,2021,https://boxd.it/35kkdX,4,,I‚Äôm so emotionally invested in this shell and his shoes,saw in theatres,2022-07-31
2022-08-02,17 Again,2009,https://boxd.it/35yQWt,2.5,,"Girl, help, I‚Äôve fallen for my weird nephew",,2022-08-02
2022-08-03,A Thousand Words,2012,https://boxd.it/35IZXv,1.5,,Clark Duke has furry roleplay in Eddie Murphy's office,,2022-08-02
2022-08-06,The Secret World of Arrietty,2010,https://boxd.it/36f0CH,3,,"POV: You're 5'11""",,2022-08-05
2022-08-07,Not Okay,2022,https://boxd.it/36yPRL,3,,I can't believe they made an Austin McBroom movie,,2022-08-07
2022-08-08,The Gray Man,2022,https://boxd.it/36FpTZ,3,,I do like me sadistic Chris Evans,,2022-08-07
2022-08-08,Luck,2022,https://boxd.it/36Rdkx,1.5,,Take a shot every time they say ‚Äúluck‚Äù,,2022-08-08
2022-08-09,Fresh,2022,https://boxd.it/373E5D,3,,Gonna tell my friends this is a rom-com,,2022-08-09
2022-08-10,Jerry & Marge Go Large,2022,https://boxd.it/37f8cr,2.5,,This is just really sweet,,2022-08-09
2022-08-11,Chaos Walking,2021,https://boxd.it/37r05V,1.5,,No way Charlie Kaufman was originally the writer,,2022-08-10
2022-08-13,DodgeBall: A True Underdog Story,2004,https://boxd.it/37QnvR,2,,We really gave a character arc to a pirate man,,2022-08-13
2022-08-14,Superbad,2007,https://boxd.it/382CSl,3,,Naming my firstborn ‚ÄúMcLovin‚Äù,,2022-08-13
2022-08-15,Paws of Fury: The Legend of Hank,2022,https://boxd.it/38jJMD,2,,"<i>""We trained an AI to write a Mel Brooks movie""</i>",,2022-08-15
2022-08-16,We Met in Virtual Reality,2022,https://boxd.it/38vW7H,2.5,,Brb gonna marry my beat saber boyfriend,,2022-08-16
2022-08-17,Day Shift,2022,https://boxd.it/38CzSz,2.5,,Men in Black with vampires,,2022-08-16
2022-08-17,Honor Society,2022,https://boxd.it/38G7Zb,2,,The protagonist exclusively gets rewarded for her sociopathy,,2022-08-16
2022-08-22,Inside the Mind of a Cat,2022,https://boxd.it/39IrlX,2.5,,Kitty!,,2022-08-22
2022-08-22,The House,2022,https://boxd.it/39IrGV,3,,Real estate is a bitch,,2022-08-22
2022-08-23,Bullet Train,2022,https://boxd.it/39OtUR,3,,Really fun if you ignore the third act visual effects,saw in theatres,2022-08-22
2022-08-23,Fall,2022,https://boxd.it/39Qi3L,1.5,,Another bad addition to the ‚Äúpeople stuck in place‚Äù genre,saw in theatres,2022-08-22
2022-08-23,Bodies Bodies Bodies,2022,https://boxd.it/39RLuX,3.5,,Most effective anti-drug psa for zoomers,saw in theatres,2022-08-22
2022-08-27,Dual,2022,https://boxd.it/3azPAj,3,,The new Black Mirror season is coming along nicely,,2022-08-26
2022-08-28,Top Gun: Maverick,2022,https://boxd.it/3aLimd,3.5,,Tom Cruise is insane and I‚Äôm glad it‚Äôs in film,,2022-08-27
2022-08-31,RRR,2022,https://boxd.it/3bniof,3,,No way these dudes were straight,,2022-08-30
2022-09-01,Breaking,2022,https://boxd.it/3bxsFF,2.5,,Should‚Äôve been a short film,saw in theatres,2022-08-31
2022-09-04,Three Thousand Years of Longing,2022,https://boxd.it/3c52ff,2.5,,This movie had like eight different endings,saw in theatres,2022-09-03
2022-09-07,The Invitation,2022,https://boxd.it/3cG6tf,1.5,,Ahh! British people!,saw in theatres,2022-09-06
2022-09-08,The Prom,2020,https://boxd.it/3cNSmb,1.5,,James Cordon plays himself: An Egotistical Asshole,,2022-09-07
2022-09-08,Honk for Jesus. Save Your Soul.,2022,https://boxd.it/3cRYtF,3,,If Joel Osteen was on <i>The Office</i>,saw in theatres,2022-09-07
2022-09-09,Windfall,2022,https://boxd.it/3cWx15,3,,The only effective billionaire marriage counseling,,2022-09-08
2022-09-09,Barbarian,2022,https://boxd.it/3d0Zez,3.5,,Mommy?,saw in theatres,2022-09-08
2022-09-10,Medieval,2022,https://boxd.it/3ddlSZ,1,,Film club at the ren faire was slow this year,saw in theatres,2022-09-10
2022-09-11,BrahmƒÅstra Part One: Shiva,2022,https://boxd.it/3dkh2p,3,,The MCU is dead long live the astraverse,saw in theatres,2022-09-10
2022-09-11,Memory,2022,https://boxd.it/3dpqaH,2,,Despite being called <i>Memory</i>¬†I remember nothing about the plot,,2022-09-10
2022-09-12,What Is a Woman?,2022,https://boxd.it/3dCqcp,0.5,,Imagine getting ripped apart by your own interview guests,,2022-09-11
2022-09-13,Spiderhead,2022,https://boxd.it/3dLSVb,2.5,,Really runs out of gas in the last few scenes,,2022-09-12
2022-09-13,Clerks,1994,https://boxd.it/3dNoPV,2.5,,I‚Äôm sorry this movie just can‚Äôt keep my attention,,2022-09-12
2022-09-14,The Nutty Professor,2008,https://boxd.it/3dSWKb,1,,The Jerry Lewis Drake Bell sequel we‚Äôve all waited for,,2022-09-13
2022-09-14,Beautiful Blue Eyes,2022,https://boxd.it/3dWndT,1.5,,Father-Son road trip!,saw in theatres,2022-09-13
2022-09-14,Mallrats,1995,https://boxd.it/3dYliB,3,,Jason Lee is hilarious when he‚Äôs not talking to chipmunks,,2022-09-13
2022-09-15,The House of the Lost on the Cape,2021,https://boxd.it/3e4LMp,2.5,,Knockoff Calamity Gannon wants to lower magical house‚Äôs property value,saw in theatres,2022-09-14
2022-09-16,Chasing Amy,1997,https://boxd.it/3eelfp,2.5,,I don‚Äôt think the word ‚ÄúBisexual‚Äù is even mentioned,,2022-09-15
2022-09-16,Pearl,2022,https://boxd.it/3efPc3,3,,The credits shot alone is unnerving enough,saw in theatres,2022-09-15
2022-09-17,The Woman King,2022,https://boxd.it/3esknF,2.5,,Really could‚Äôve done without the Hero Tiffin subplot,saw in theatres,2022-09-17
2022-09-18,Dogma,1999,https://boxd.it/3exxuf,2.5,,Don‚Äôt know if Jay & Bob we‚Äôre necessary here,,2022-09-17
2022-09-18,Pinocchio,1940,https://boxd.it/3eD1or,3,,Day one of existence and homeboy gets kidbaooed,,2022-09-17
2022-09-18,Pinocchio,2022,https://boxd.it/3eEgYr,1.5,,Proof that some character designs can only work in 2D,,2022-09-17
2022-09-19,Jay and Silent Bob Strike Back,2001,https://boxd.it/3ePq41,2.5,,The Askewverse is folding in on itself,,2022-09-18
2022-09-19,Clerks II,2006,https://boxd.it/3eV81F,2,,Still cleaner than the average KFC,,2022-09-19
2022-09-21,Jay And Silent Bob's Super Groovy Cartoon Movie,2013,https://boxd.it/3fghZr,1,,They made this just to get Tara Strong to swear,,2022-09-20
2022-09-22,Jay and Silent Bob Reboot,2019,https://boxd.it/3fnmWL,2.5,,I'm glad Ben Affleck also hates the DC universe,,2022-09-21
2022-09-22,See How They Run,2022,https://boxd.it/3frR3b,3,,I kinda hoped the red herring did it,saw in theatres,2022-09-21
2022-09-23,Meet Cute,2022,https://boxd.it/3fExa3,2.5,,You just gonna let her get away with this?,,2022-09-23
2022-09-24,Do Revenge,2022,https://boxd.it/3fPpQ3,2.5,,This friendship is as fake as the driving effects,,2022-09-24
2022-09-25,This Is the End,2013,https://boxd.it/3g3pXB,2.5,,Michael Cera's acting is crazy,,2022-09-25
2022-09-26,Beast,2022,https://boxd.it/3g9hgh,2.5,,Like every other monster movie but with long takes,,2022-09-25
2022-09-26,Don't Worry Darling,2022,https://boxd.it/3ghZYX,1.5,,Oh my god it's just wandavision,saw in theatres,2022-09-25
2022-09-27,The Greatest Beer Run Ever,2022,https://boxd.it/3grR2L,3.5,,Just guys being dudes,saw in theatres,2022-09-26
2022-09-28,Drifting Home,2022,https://boxd.it/3gEus3,3.5,,I've heard of houseboats before but this is ridiculous!,,2022-09-27
2022-09-29,Her,2013,https://boxd.it/3gPBbP,4.5,,Every actor in this is perfect,,2022-09-28
